<?xml version="1.0" encoding="UTF-8"?><?xml-stylesheet type='text/xsl' href='_UpgradeReport_Files/UpgradeReport.xslt'?><UpgradeLog>
<Properties><Property Name="Solution" Value="Swc">
</Property><Property Name="Solution File" Value="C:\Users\fco\Documents\Informacion\prog\Swc\Swc.sln">
</Property><Property Name="User Options File" Value="C:\Users\fco\Documents\Informacion\prog\Swc\Swc.suo">
</Property><Property Name="Date" Value="jueves, 26 de abril de 2007">
</Property><Property Name="Time" Value="22:37 p.m.">
</Property><Property Name="Log Number" Value="2">
</Property></Properties><Event ErrorLevel="2" Project="" Source="Swc.sln" Description="Error creating backup file: C:\Users\fco\Documents\Informacion\prog\Swc\Swc.sln.old">
</Event><Event ErrorLevel="2" Project="" Source="Swc.suo" Description="Error creating backup file: C:\Users\fco\Documents\Informacion\prog\Swc\Swc.suo.old">
</Event><Event ErrorLevel="0" Project="Swc" Source="Swc.vcproj" Description="Project upgraded successfully.">
</Event><Event ErrorLevel="3" Project="Swc" Source="Swc.vcproj" Description="Converted">
</Event><Event ErrorLevel="0" Project="DevStudio" Source="DevEstudio\DevStudio.vcproj" Description="Project upgraded successfully.">
</Event><Event ErrorLevel="3" Project="DevStudio" Source="DevEstudio\DevStudio.vcproj" Description="Converted">
</Event><Event ErrorLevel="0" Project="OutoolkDemo" Source="OutoolkDemo\OutoolkDemo.vcproj" Description="Project upgraded successfully.">
</Event><Event ErrorLevel="3" Project="OutoolkDemo" Source="OutoolkDemo\OutoolkDemo.vcproj" Description="Converted">
</Event><Event ErrorLevel="0" Project="Mdi" Source="Mdi\Mdi.vcproj" Description="Project upgraded successfully.">
</Event><Event ErrorLevel="3" Project="Mdi" Source="Mdi\Mdi.vcproj" Description="Converted">
</Event><Event ErrorLevel="0" Project="SimpleWin" Source="SimpleWin\SimpleWin.vcproj" Description="Visual C++ now provides improved safety in its C and C++ Libraries. This includes new and improved functions, additional checking and validation, and internal design changes. These libraries are turned on by default. You may see some warnings about unsafe functions or parameters when you build your project. The warnings will generally suggest an alternative safer coding style or function. It is advised that you correct these warnings, in order to make your code more safe. Full details can be found in the documentation by searching for 'Security Enhancements in the CRT' and for 'Checked Iterators'.">
</Event><Event ErrorLevel="0" Project="SimpleWin" Source="SimpleWin\SimpleWin.vcproj" Description="The C/C++ compiler default settings have been modified to be more compliant with ISO Standard C++. Included in those changes are enforcing Standard C++ for loop scoping and supporting wchar_t as a native type. These changes may cause existing code to no longer compile without changes to the code or the compiler options with which it is built.">
</Event><Event ErrorLevel="0" Project="SimpleWin" Source="SimpleWin\SimpleWin.vcproj" Description="The single-threaded run-time library switches (/MLd, /ML) have been removed from the C++ compiler.  The project has been automatically converted to use the corresponding multi-threaded run-time library switches (/MTd, /MT).">
</Event><Event ErrorLevel="1" Project="SimpleWin" Source="SimpleWin\SimpleWin.vcproj" Description="Due to the requirement that Visual C++ projects produce an embedded (by default) Windows SxS manifest, manifest files in the project are automatically excluded from building with the Manifest Tool.  It is recommended that the dependency information contained in any manifest files be converted to &quot;#pragma comment(linker,&quot;&lt;insert dependency here&gt;&quot;)&quot; in a header file that is included from your source code.  If your project already embeds a manifest in the RT_MANIFEST resource section through a resource (.rc) file, the line will need to be commented out before the project will build correctly.">
</Event><Event ErrorLevel="1" Project="SimpleWin" Source="SimpleWin\SimpleWin.vcproj" Description="Due to a conformance change in the C++ compiler, code change may be required before your project will build without errors.  Previous versions of the C++ compiler allowed specification of member function pointers by member function name (e.g. MemberFunctionName).  The C++ standard requires a fully qualified name with the use of the address-of operator (e.g. &amp;ClassName::MemberFunctionName).  If your project contains forms or controls used in the Windows Forms Designer, you may have to change code in InitializeComponent because the designer generated code used the non-conformant syntax in delegate construction (used in event handlers).">
</Event><Event ErrorLevel="0" Project="SimpleWin" Source="SimpleWin\SimpleWin.vcproj" Description="Project file successfully backed up as 'C:\Users\fco\Documents\Informacion\prog\Swc\SimpleWin\SimpleWin.vcproj.7.00.old'.">
</Event><Event ErrorLevel="0" Project="SimpleWin" Source="SimpleWin\SimpleWin.vcproj" Description="Project upgraded successfully.">
</Event><Event ErrorLevel="3" Project="SimpleWin" Source="SimpleWin\SimpleWin.vcproj" Description="Converted">
</Event><Event ErrorLevel="0" Project="TabDemo" Source="TabDemo\TabDemo.vcproj" Description="Visual C++ now provides improved safety in its C and C++ Libraries. This includes new and improved functions, additional checking and validation, and internal design changes. These libraries are turned on by default. You may see some warnings about unsafe functions or parameters when you build your project. The warnings will generally suggest an alternative safer coding style or function. It is advised that you correct these warnings, in order to make your code more safe. Full details can be found in the documentation by searching for 'Security Enhancements in the CRT' and for 'Checked Iterators'.">
</Event><Event ErrorLevel="0" Project="TabDemo" Source="TabDemo\TabDemo.vcproj" Description="The C/C++ compiler default settings have been modified to be more compliant with ISO Standard C++. Included in those changes are enforcing Standard C++ for loop scoping and supporting wchar_t as a native type. These changes may cause existing code to no longer compile without changes to the code or the compiler options with which it is built.">
</Event><Event ErrorLevel="0" Project="TabDemo" Source="TabDemo\TabDemo.vcproj" Description="The single-threaded run-time library switches (/MLd, /ML) have been removed from the C++ compiler.  The project has been automatically converted to use the corresponding multi-threaded run-time library switches (/MTd, /MT).">
</Event><Event ErrorLevel="1" Project="TabDemo" Source="TabDemo\TabDemo.vcproj" Description="Due to the requirement that Visual C++ projects produce an embedded (by default) Windows SxS manifest, manifest files in the project are automatically excluded from building with the Manifest Tool.  It is recommended that the dependency information contained in any manifest files be converted to &quot;#pragma comment(linker,&quot;&lt;insert dependency here&gt;&quot;)&quot; in a header file that is included from your source code.  If your project already embeds a manifest in the RT_MANIFEST resource section through a resource (.rc) file, the line will need to be commented out before the project will build correctly.">
</Event><Event ErrorLevel="1" Project="TabDemo" Source="TabDemo\TabDemo.vcproj" Description="Due to a conformance change in the C++ compiler, code change may be required before your project will build without errors.  Previous versions of the C++ compiler allowed specification of member function pointers by member function name (e.g. MemberFunctionName).  The C++ standard requires a fully qualified name with the use of the address-of operator (e.g. &amp;ClassName::MemberFunctionName).  If your project contains forms or controls used in the Windows Forms Designer, you may have to change code in InitializeComponent because the designer generated code used the non-conformant syntax in delegate construction (used in event handlers).">
</Event><Event ErrorLevel="0" Project="TabDemo" Source="TabDemo\TabDemo.vcproj" Description="Project file successfully backed up as 'C:\Users\fco\Documents\Informacion\prog\Swc\TabDemo\TabDemo.vcproj.7.00.old'.">
</Event><Event ErrorLevel="0" Project="TabDemo" Source="TabDemo\TabDemo.vcproj" Description="Project upgraded successfully.">
</Event><Event ErrorLevel="3" Project="TabDemo" Source="TabDemo\TabDemo.vcproj" Description="Converted">
</Event></UpgradeLog>